"Reference","Qty","Value","DNP","Exclude from BOM","Exclude from Board","Footprint","Datasheet"
"C1,C2","2","0.47uF","","","","","~"
"C3,C4","2","820uF","","","","","~"
"C5","1","0.22uF","","","","","~"
"C6,C8","2","10uF","","","","","~"
"C7","1","2.2uF","","","","","~"
"D1,D2,D3,D4","4","1N4148","","","","Diode_THT:D_DO-35_SOD27_P7.62mm_Horizontal","https://assets.nexperia.com/documents/data-sheet/1N4148_1N4448.pdf"
"D5,D6,D7,D8","4","1N4003","","","","Diode_THT:D_DO-41_SOD81_P10.16mm_Horizontal","http://www.vishay.com/docs/88503/1n4001.pdf"
"J1","1","Transformador","","","","","~"
"Q1,Q2","2","2N2222A","","","","Package_TO_SOT_THT:TO-39-3","http://www.onsemi.com/pub_link/Collateral/2N2219-D.PDF"
"Q3,Q4","2","2N2907A","","","","Package_TO_SOT_SMD:SOT-23","http://www.secosgmbh.com/datasheet/products/SSMPTransistor/SOT-23/SS8550.pdf"
"R1,R2","2","4.7k","","","","","~"
"R3,R4","2","390","","","","","~"
"R5,R8","2","3.3k","","","","","~"
"R6,R9","2","3.9k","","","","","~"
"R7,R10","2","15k","","","","","~"
"R11,R12","2","1k","","","","","~"
"R13","1","6.8k","","","","","~"
"R14","1","10k","","","","","~"
"U1","1","TL084","","","","TL084:SOIC_14","http://www.ti.com/lit/ds/symlink/tl081.pdf"
"U2","1","LM7815_TO220","","","","Package_TO_SOT_THT:TO-220-3_Vertical","https://www.onsemi.cn/PowerSolutions/document/MC7800-D.PDF"
"U3","1","LM7915_TO220","","","","Package_TO_SOT_THT:TO-220-3_Vertical","https://www.onsemi.com/pub/Collateral/MC7900-D.PDF"
